gene_a,gene_b,acc_a,acc_b,Link-Type,score,residue_pair,filtering,ibaq_a,ibaq_b
Obscn,Dlg4,A2AAJ9,Q62108,Interlink,2.87e-08,Dlg4-556-Obscn-7838,0,,279990000
Obscn,Dlg1,A2AAJ9,Q811D0,Interlink,5.01e-07,Dlg1-533-Obscn-7838,0,,13411000
Frrs1l,Gria1,B1AXV0,P23818,Interlink,7.51e-43,Frrs1l-183-Gria1-358,1,,17263000
Frrs1l,Gria1,B1AXV0,P23818,Interlink,1.88e-23,Frrs1l-183-Gria1-677,1,,17263000
Frrs1l,Gria2,B1AXV0,P23819,Interlink,4.32e-07,Frrs1l-183-Gria2-188,1,,99466000
Frrs1l,Gria2,B1AXV0,P23819,Interlink,7.71e-21,Frrs1l-183-Gria2-684,1,,99466000
Frrs1l,Gria3,B1AXV0,Q9Z2W9,Interlink,2.13e-21,Frrs1l-183-Gria3-689,1,,24719000
Dlgap4,Dlgap4,B1AZP2,B1AZP2,Intralink,3.89e-10,Dlgap4-163-Dlgap4-171,1,6694300,6694300
Dlgap4,Dlgap4,B1AZP2,B1AZP2,Intralink,5.08e-10,Dlgap4-178-Dlgap4-189,1,6694300,6694300
Dlgap4,Dlgap4,B1AZP2,B1AZP2,Intralink,3.87e-08,Dlgap4-727-Dlgap4-754,1,6694300,6694300
Dlgap4,Dlgap4,B1AZP2,B1AZP2,Intralink,1.29e-06,Dlgap4-931-Dlgap4-944,1,6694300,6694300
Dlgap4,Dlgap4,B1AZP2,B1AZP2,Intralink,3.29e-08,Dlgap4-937-Dlgap4-951,1,6694300,6694300
Dlgap4,Camk2a,B1AZP2,P11798,Interlink,4.77e-08,Camk2a-258-Dlgap4-759,1,6694300,
Dlgap4,Tuba4a,B1AZP2,P68368,Interlink,4.27e-07,Dlgap4-931-Tuba4a-401,1,6694300,
Ildr2,Dlg4,B5TVM2,Q62108,Interlink,1.96e-07,Dlg4-138-Ildr2-423,0,,279990000
Syngap1,Grin2a,F6SEU4,P35436,Interlink,8.05e-10,Grin2a-1160-Syngap1-638,1,,5277500
Syngap1,Grin2a,F6SEU4,P35436,Interlink,3.12e-15,Grin2a-1160-Syngap1-710,1,,5277500
Syngap1,Dlg3,F6SEU4,P70175,Interlink,4.06e-08,Dlg3-74-Syngap1-1069,1,,35904000
Syngap1,Dlg3,F6SEU4,P70175,Interlink,7.43e-10,Dlg3-286-Syngap1-1243,1,,35904000
Syngap1,Dlg3,F6SEU4,P70175,Interlink,8.97e-17,Dlg3-471-Syngap1-1243,1,,35904000
Syngap1,Dlg3,F6SEU4,P70175,Interlink,2.61e-16,Dlg3-471-Syngap1-1285,1,,35904000
Syngap1,Dlg3,F6SEU4,P70175,Interlink,4.29e-08,Dlg3-471-Syngap1-297,1,,35904000
Syngap1,Dlg4,F6SEU4,Q62108,Interlink,5.46e-12,Dlg4-162-Syngap1-1069,1,,279990000
Syngap1,Dlg4,F6SEU4,Q62108,Interlink,2.38e-07,Dlg4-152-Syngap1-108,1,,279990000
Syngap1,Dlg4,F6SEU4,Q62108,Interlink,2.62e-13,Dlg4-162-Syngap1-1080,1,,279990000
Syngap1,Dlg4,F6SEU4,Q62108,Interlink,5.82e-17,Dlg4-202-Syngap1-1203,1,,279990000
Syngap1,Dlg4,F6SEU4,Q62108,Interlink,8.2e-15,Dlg4-663-Syngap1-1203,1,,279990000
Syngap1,Dlg4,F6SEU4,Q62108,Interlink,1.9e-15,Dlg4-624-Syngap1-1212,1,,279990000
Syngap1,Dlg4,F6SEU4,Q62108,Interlink,2.31e-09,Dlg4-162-Syngap1-1243,1,,279990000
Syngap1,Dlg4,F6SEU4,Q62108,Interlink,3.81e-12,Dlg4-202-Syngap1-1243,1,,279990000
Syngap1,Dlg4,F6SEU4,Q62108,Interlink,6.4e-16,Dlg4-242-Syngap1-1243,1,,279990000
Syngap1,Dlg4,F6SEU4,Q62108,Interlink,7.94e-06,Dlg4-491-Syngap1-1243,1,,279990000
Syngap1,Dlg4,F6SEU4,Q62108,Interlink,9.78e-13,Dlg4-558-Syngap1-1243,1,,279990000
Syngap1,Dlg4,F6SEU4,Q62108,Interlink,1.4e-15,Dlg4-591-Syngap1-1243,1,,279990000
Syngap1,Dlg4,F6SEU4,Q62108,Interlink,2.24e-16,Dlg4-597-Syngap1-1243,1,,279990000
Syngap1,Dlg4,F6SEU4,Q62108,Interlink,4.51e-17,Dlg4-624-Syngap1-1243,1,,279990000
Syngap1,Dlg4,F6SEU4,Q62108,Interlink,4.71e-09,Dlg4-663-Syngap1-1243,1,,279990000
Syngap1,Dlg4,F6SEU4,Q62108,Interlink,9.24e-16,Dlg4-594-Syngap1-1243,1,,279990000
Syngap1,Dlg4,F6SEU4,Q62108,Interlink,1.33e-20,Dlg4-556-Syngap1-1243,1,,279990000
Syngap1,Dlg4,F6SEU4,Q62108,Interlink,7.15e-17,Dlg4-751-Syngap1-1243,1,,279990000
Syngap1,Dlg4,F6SEU4,Q62108,Interlink,3.4e-18,Dlg4-242-Syngap1-1257,1,,279990000
Syngap1,Dlg4,F6SEU4,Q62108,Interlink,5.44e-27,Dlg4-355-Syngap1-1257,1,,279990000
Syngap1,Dlg4,F6SEU4,Q62108,Interlink,2.13e-22,Dlg4-558-Syngap1-1257,1,,279990000
Syngap1,Dlg4,F6SEU4,Q62108,Interlink,2.62e-15,Dlg4-624-Syngap1-1257,1,,279990000
Syngap1,Dlg4,F6SEU4,Q62108,Interlink,1.04e-19,Dlg4-663-Syngap1-1257,1,,279990000
Syngap1,Dlg4,F6SEU4,Q62108,Interlink,1.15e-15,Dlg4-594-Syngap1-1257,1,,279990000
Syngap1,Dlg4,F6SEU4,Q62108,Interlink,2.72e-17,Dlg4-624-Syngap1-1285,1,,279990000
Syngap1,Dlg4,F6SEU4,Q62108,Interlink,2.59e-07,Dlg4-380-Syngap1-297,1,,279990000
Syngap1,Dlg4,F6SEU4,Q62108,Interlink,1.42e-17,Dlg4-663-Syngap1-710,1,,279990000
Syngap1,Dlgap3,F6SEU4,Q6PFD5,Interlink,8.82e-06,Dlgap3-300-Syngap1-638,0,,22936000
Syngap1,Dlgap2,F6SEU4,Q8BJ42,Interlink,5.04e-17,Dlgap2-884-Syngap1-1243,1,,9648300
Syngap1,Dlg2,F6SEU4,Q91XM9,Interlink,4.38e-23,Dlg2-297-Syngap1-1069,1,,70125000
Syngap1,Dlg2,F6SEU4,Q91XM9,Interlink,1.63e-29,Dlg2-235-Syngap1-1069,1,,70125000
Syngap1,Dlg2,F6SEU4,Q91XM9,Interlink,2.79e-15,Dlg2-618-Syngap1-1069,1,,70125000
Syngap1,Dlg2,F6SEU4,Q91XM9,Interlink,4.97e-15,Dlg2-235-Syngap1-1080,1,,70125000
Syngap1,Dlg2,F6SEU4,Q91XM9,Interlink,9.91e-06,Dlg2-421-Syngap1-1203,1,,70125000
Syngap1,Dlg2,F6SEU4,Q91XM9,Interlink,2.01e-18,Dlg2-817-Syngap1-1243,1,,70125000
Syngap1,Dlg2,F6SEU4,Q91XM9,Interlink,2.58e-12,Dlg2-235-Syngap1-1243,1,,70125000
Syngap1,Dlg2,F6SEU4,Q91XM9,Interlink,7.02e-10,Dlg2-357-Syngap1-1243,1,,70125000
Syngap1,Dlg2,F6SEU4,Q91XM9,Interlink,5.01e-08,Dlg2-421-Syngap1-1243,1,,70125000
Syngap1,Dlg2,F6SEU4,Q91XM9,Interlink,1.32e-14,Dlg2-549-Syngap1-1243,1,,70125000
Syngap1,Dlg2,F6SEU4,Q91XM9,Interlink,4.66e-17,Dlg2-618-Syngap1-1243,1,,70125000
Syngap1,Dlg2,F6SEU4,Q91XM9,Interlink,6.22e-11,Dlg2-799-Syngap1-1243,1,,70125000
Syngap1,Dlg2,F6SEU4,Q91XM9,Interlink,1.16e-27,Dlg2-817-Syngap1-1257,1,,70125000
Syngap1,Dlg2,F6SEU4,Q91XM9,Interlink,1.15e-14,Dlg2-235-Syngap1-1257,1,,70125000
Syngap1,Dlg2,F6SEU4,Q91XM9,Interlink,2.13e-12,Dlg2-549-Syngap1-1257,1,,70125000
Syngap1,Dlg2,F6SEU4,Q91XM9,Interlink,3.61e-19,Dlg2-639-Syngap1-1257,1,,70125000
Syngap1,Dlg2,F6SEU4,Q91XM9,Interlink,9.37e-25,Dlg2-686-Syngap1-1257,1,,70125000
Syngap1,Dlg2,F6SEU4,Q91XM9,Interlink,1.21e-12,Dlg2-849-Syngap1-1257,1,,70125000
Syngap1,Dlg2,F6SEU4,Q91XM9,Interlink,8.8e-10,Dlg2-357-Syngap1-638,1,,70125000
Syngap1,Dlg2,F6SEU4,Q91XM9,Interlink,1.26e-06,Dlg2-618-Syngap1-638,1,,70125000
Syngap1,Dlg2,F6SEU4,Q91XM9,Interlink,1.97e-11,Dlg2-297-Syngap1-710,1,,70125000
Syngap1,Dlgap1,F6SEU4,Q9D415,Interlink,4.75e-14,Dlgap1-813-Syngap1-1243,1,,10589000
Trip12,Gria2,G5E870,P23819,Interlink,1.22e-07,Gria2-684-Trip12-1757,0,,99466000
Stxbp1,Dlg4,O08599,Q62108,Interlink,1.95e-12,Dlg4-594-Stxbp1-493,0,,279990000
Cacng2,Cacng2,O88602,O88602,Intralink,3.63e-08,Cacng2-41-Cacng2-53,1,9882400,9882400
Cacng2,Cacng2,O88602,O88602,Intralink,6.31e-14,Cacng2-53-Cacng2-74,1,9882400,9882400
Cacng2,Cacng2,O88602,O88602,Intralink,3.95e-07,Cacng2-41-Cacng2-52,1,9882400,9882400
Cacng2,Gria1,O88602,P23818,Interlink,6.49e-30,Cacng2-53-Gria1-775,1,9882400,17263000
Cacng2,Gria2,O88602,P23819,Interlink,2.06e-18,Cacng2-53-Gria2-684,1,9882400,99466000
Cacng2,Gria2,O88602,P23819,Interlink,9.56e-26,Cacng2-53-Gria2-782,1,9882400,99466000
Cacng2,Gria2,O88602,P23819,Interlink,7.68e-06,Cacng2-41-Gria2-730,1,9882400,99466000
Cacng2,Sptbn1,O88602,Q62261,Interlink,6.56e-08,Cacng2-305-Sptbn1-1989,0,9882400,
Cacng2,Gria3,O88602,Q9Z2W9,Interlink,1.85e-26,Cacng2-53-Gria3-787,1,9882400,24719000
Cacng2,Gria3,O88602,Q9Z2W9,Interlink,7.51e-17,Cacng2-258-Gria3-855,1,9882400,24719000
Bsn,Baiap2,O88737,Q8BKX1,Interlink,4.63e-06,Baiap2-214-Bsn-2863,0,,93296000
Olfm1,Gria2,O88998,P23819,Interlink,1.54e-41,Gria2-283-Olfm1-229,1,,99466000
Mbp,Dlgap3,P04370,Q6PFD5,Interlink,2.58e-06,Dlgap3-798-Mbp-14,0,,22936000
Krt18,Cacng8,P05784,Q8VHW2,Interlink,9.8e-07,Cacng8-243-Krt18-103,0,,50702000
Krt18,Gria3,P05784,Q9Z2W9,Interlink,1.33e-05,Gria3-855-Krt18-103,0,,24719000
Lrrc4b,Lrrc4b,P0C192,P0C192,Intralink,3.59e-26,Lrrc4b-121-Lrrc4b-195,1,901220,901220
Lrrc4b,Lrrc4b,P0C192,P0C192,Intralink,5.8e-08,Lrrc4b-195-Lrrc4b-222,1,901220,901220
Camk2a,Dlgap4,P11798,B1AZP2,Interlink,1.45e-08,Camk2a-258-Dlgap4-949,1,,6694300
Camk2a,Dlgap3,P11798,Q6PFD5,Interlink,1.56e-08,Camk2a-47-Dlgap3-605,1,,22936000
Camk2a,Dlgap3,P11798,Q6PFD5,Interlink,8.58e-09,Camk2a-258-Dlgap3-605,1,,22936000
Camk2a,Baiap2,P11798,Q8BKX1,Interlink,6.39e-15,Baiap2-121-Camk2a-47,1,,93296000
Camk2a,Baiap2,P11798,Q8BKX1,Interlink,1.21e-14,Baiap2-121-Camk2a-146,1,,93296000
Camk2a,Baiap2,P11798,Q8BKX1,Interlink,2.31e-10,Baiap2-276-Camk2a-258,1,,93296000
Camk2a,Baiap2,P11798,Q8BKX1,Interlink,1.08e-16,Baiap2-381-Camk2a-258,1,,93296000
Camk2a,Baiap2,P11798,Q8BKX1,Interlink,1.99e-16,Baiap2-40-Camk2a-258,1,,93296000
Camk2a,Baiap2,P11798,Q8BKX1,Interlink,2.61e-06,Baiap2-130-Camk2a-267,1,,93296000
Camk2a,Baiap2,P11798,Q8BKX1,Interlink,2.36e-08,Baiap2-216-Camk2a-267,1,,93296000
Camk2a,Dlgap1,P11798,Q9D415,Interlink,1.85e-27,Camk2a-300-Dlgap1-845,1,,10589000
Camk2a,Dlgap1,P11798,Q9D415,Interlink,2.42e-07,Camk2a-68-Dlgap1-374,1,,10589000
Camk2a,Dlgap1,P11798,Q9D415,Interlink,1.55e-07,Camk2a-258-Dlgap1-933,1,,10589000
Atp1b1,Gria2,P14094,P23819,Interlink,1.36e-28,Atp1b1-118-Gria2-470,1,,99466000
Atp1b1,Gria2,P14094,P23819,Interlink,2.82e-17,Atp1b1-118-Gria2-684,1,,99466000
Atp1b1,Gria3,P14094,Q9Z2W9,Interlink,2.59e-06,Atp1b1-118-Gria3-465,0,,24719000
Glul,Gria3,P15105,Q9Z2W9,Interlink,6.78e-06,Glul-241-Gria3-154,0,,24719000
Gria1,Gria1,P23818,P23818,Intralink,1.94e-14,Gria1-194-Gria1-218,1,17263000,17263000
Gria1,Gria1,P23818,P23818,Intralink,2.74e-29,Gria1-194-Gria1-463,1,17263000,17263000
Gria1,Gria1,P23818,P23818,Intralink,2.03e-18,Gria1-194-Gria1-472,1,17263000,17263000
Gria1,Gria1,P23818,P23818,Intralink,1.81e-09,Gria1-358-Gria1-378,1,17263000,17263000
Gria1,Gria1,P23818,P23818,Intralink,7.63e-14,Gria1-358-Gria1-677,1,17263000,17263000
Gria1,Gria1,P23818,P23818,Intralink,6.28e-24,Gria1-424-Gria1-784,1,17263000,17263000
Gria1,Gria1,P23818,P23818,Intralink,3.38e-28,Gria1-463-Gria1-670,1,17263000,17263000
Gria1,Gria1,P23818,P23818,Intralink,5.4e-21,Gria1-677-Gria1-775,1,17263000,17263000
Gria1,Gria1,P23818,P23818,Homomeric-inter,5.37e-15,Gria1-775-Gria1-775,1,17263000,17263000
Gria1,Gria1,P23818,P23818,Intralink,1.65e-12,Gria1-775-Gria1-784,1,17263000,17263000
Gria1,Gria2,P23818,P23819,Interlink,4.95e-47,Gria1-358-Gria2-187,1,17263000,99466000
Gria1,Gria2,P23818,P23819,Interlink,1.04e-23,Gria1-358-Gria2-94,1,17263000,99466000
Gria1,Gria2,P23818,P23819,Interlink,4.19e-20,Gria1-424-Gria2-791,1,17263000,99466000
Gria1,Gria2,P23818,P23819,Interlink,6.73e-16,Gria1-463-Gria2-782,1,17263000,99466000
Gria1,Gria2,P23818,P23819,Interlink,1.31e-24,Gria1-670-Gria2-431,1,17263000,99466000
Gria1,Gria2,P23818,P23819,Interlink,1.77e-09,Gria1-677-Gria2-786,1,17263000,99466000
Gria1,Gria2,P23818,P23819,Interlink,3.55e-10,Gria1-677-Gria2-430,1,17263000,99466000
Gria1,Gria2,P23818,P23819,Interlink,1.86e-22,Gria1-677-Gria2-455,1,17263000,99466000
Gria1,Gria2,P23818,P23819,Interlink,7.38e-15,Gria1-677-Gria2-773,1,17263000,99466000
Gria1,Gria2,P23818,P23819,Interlink,6.31e-16,Gria1-677-Gria2-782,1,17263000,99466000
Gria1,Gria2,P23818,P23819,Interlink,2.2e-13,Gria1-689-Gria2-786,1,17263000,99466000
Gria1,Gria2,P23818,P23819,Interlink,2.36e-15,Gria1-689-Gria2-431,1,17263000,99466000
Gria1,Gria2,P23818,P23819,Interlink,1.6e-18,Gria1-689-Gria2-782,1,17263000,99466000
Gria1,Gria2,P23818,P23819,Interlink,3.88e-14,Gria1-766-Gria2-684,1,17263000,99466000
Gria1,Gria2,P23818,P23819,Interlink,1.06e-45,Gria1-775-Gria2-455,1,17263000,99466000
Gria1,Gria2,P23818,P23819,Interlink,9.49e-21,Gria1-775-Gria2-684,1,17263000,99466000
Gria1,Gria2,P23818,P23819,Interlink,1.43e-34,Gria1-775-Gria2-782,1,17263000,99466000
Gria1,Ctnna1,P23818,P26231,Interlink,1.04e-07,Ctnna1-747-Gria1-358,0,17263000,
Gria1,Gria4,P23818,Q9Z2W8,Interlink,4.35e-22,Gria1-677-Gria4-774,1,17263000,1951000
Gria1,Gria4,P23818,Q9Z2W8,Interlink,1.67e-18,Gria1-677-Gria4-783,1,17263000,1951000
Gria1,Gria4,P23818,Q9Z2W8,Interlink,4.16e-17,Gria1-775-Gria4-783,1,17263000,1951000
Gria1,Gria3,P23818,Q9Z2W9,Interlink,1.93e-28,Gria1-358-Gria3-191,1,17263000,24719000
Gria1,Gria3,P23818,Q9Z2W9,Interlink,1.44e-12,Gria1-766-Gria3-689,1,17263000,24719000
Gria1,Gria3,P23818,Q9Z2W9,Interlink,6.34e-18,Gria1-775-Gria3-689,1,17263000,24719000
Gria1,Gria3,P23818,Q9Z2W9,Interlink,4.64e-16,Gria1-775-Gria3-701,1,17263000,24719000
Gria1,Gria3,P23818,Q9Z2W9,Interlink,5.33e-29,Gria1-775-Gria3-787,1,17263000,24719000
Gria1,Gria3,P23818,Q9Z2W9,Interlink,4.05e-21,Gria1-775-Gria3-796,1,17263000,24719000
Gria1,Gria3,P23818,Q9Z2W9,Interlink,2.74e-12,Gria1-775-Gria3-802,1,17263000,24719000
Gria2,Gria1,P23819,P23818,Interlink,5.3e-11,Gria1-424-Gria2-730,1,99466000,17263000
Gria2,Gria1,P23819,P23818,Interlink,9.33e-08,Gria1-790-Gria2-730,1,99466000,17263000
Gria2,Gria1,P23819,P23818,Interlink,4.95e-18,Gria1-790-Gria2-736,1,99466000,17263000
Gria2,Gria2,P23819,P23819,Intralink,5.25e-15,Gria2-431-Gria2-730,1,99466000,99466000
Gria2,Gria2,P23819,P23819,Intralink,4.36e-08,Gria2-730-Gria2-802,1,99466000,99466000
Gria2,Gria2,P23819,P23819,Homomeric-inter,5.08e-31,Gria2-736-Gria2-736,1,99466000,99466000
Gria2,Gria2,P23819,P23819,Intralink,7.67e-11,Gria2-470-Gria2-744,1,99466000,99466000
Gria2,Gria2,P23819,P23819,Intralink,9.5e-17,Gria2-684-Gria2-744,1,99466000,99466000
Gria2,Gria2,P23819,P23819,Intralink,2.2e-13,Gria2-479-Gria2-684,1,99466000,99466000
Gria2,Gria2,P23819,P23819,Intralink,1.16e-24,Gria2-431-Gria2-677,1,99466000,99466000
Gria2,Gria2,P23819,P23819,Intralink,2.6e-33,Gria2-470-Gria2-677,1,99466000,99466000
Gria2,Gria2,P23819,P23819,Intralink,8.06e-15,Gria2-677-Gria2-684,1,99466000,99466000
Gria2,Gria2,P23819,P23819,Intralink,1.33e-12,Gria2-430-Gria2-786,1,99466000,99466000
Gria2,Gria2,P23819,P23819,Intralink,7.33e-12,Gria2-684-Gria2-786,1,99466000,99466000
Gria2,Gria2,P23819,P23819,Intralink,9.17e-10,Gria2-782-Gria2-786,1,99466000,99466000
Gria2,Gria2,P23819,P23819,Intralink,5.02e-06,Gria2-202-Gria2-228,1,99466000,99466000
Gria2,Gria2,P23819,P23819,Intralink,6.42e-24,Gria2-228-Gria2-462,1,99466000,99466000
Gria2,Gria2,P23819,P23819,Homomeric-inter,4.15e-25,Gria2-283-Gria2-283,1,99466000,99466000
Gria2,Gria2,P23819,P23819,Intralink,5.65e-21,Gria2-283-Gria2-684,1,99466000,99466000
Gria2,Gria2,P23819,P23819,Intralink,1.04e-12,Gria2-430-Gria2-791,1,99466000,99466000
Gria2,Gria2,P23819,P23819,Intralink,1.84e-28,Gria2-431-Gria2-791,1,99466000,99466000
Gria2,Gria2,P23819,P23819,Intralink,3.05e-26,Gria2-455-Gria2-462,1,99466000,99466000
Gria2,Gria2,P23819,P23819,Intralink,9.24e-48,Gria2-455-Gria2-782,1,99466000,99466000
Gria2,Gria2,P23819,P23819,Intralink,5.85e-19,Gria2-684-Gria2-773,1,99466000,99466000
Gria2,Gria2,P23819,P23819,Intralink,8.26e-21,Gria2-684-Gria2-782,1,99466000,99466000
Gria2,Gria2,P23819,P23819,Intralink,7.91e-31,Gria2-773-Gria2-782,1,99466000,99466000
Gria2,Gria2,P23819,P23819,Homomeric-inter,8.4e-16,Gria2-782-Gria2-782,1,99466000,99466000
Gria2,Gria2,P23819,P23819,Intralink,1.25e-39,Gria2-782-Gria2-786,1,99466000,99466000
Gria2,Gria2,P23819,P23819,Intralink,5.71e-33,Gria2-782-Gria2-791,1,99466000,99466000
Gria2,Atp1a3,P23819,Q6PIC6,Interlink,5.19e-24,Atp1a3-434-Gria2-850,1,99466000,
Gria2,Cacng8,P23819,Q8VHW2,Interlink,1.85e-07,Cacng8-75-Gria2-730,0,99466000,50702000
Gria2,Lrrc4,P23819,Q99PH1,Interlink,3.95e-18,Gria2-283-Lrrc4-181,1,99466000,
Gria2,Shisa9,P23819,Q9CZN4,Interlink,1.15e-06,Gria2-684-Shisa9-133,0,99466000,
Gria2,Cacng3,P23819,Q9JJV5,Interlink,8.13e-14,Cacng3-217-Gria2-850,1,99466000,39778000
Gria2,Gria4,P23819,Q9Z2W8,Interlink,7.87e-19,Gria2-677-Gria4-471,1,99466000,1951000
Gria2,Gria4,P23819,Q9Z2W8,Interlink,1.08e-05,Gria2-786-Gria4-783,1,99466000,1951000
Gria2,Gria4,P23819,Q9Z2W8,Interlink,4.5e-16,Gria2-684-Gria4-783,1,99466000,1951000
Gria2,Gria4,P23819,Q9Z2W8,Interlink,5.12e-36,Gria2-782-Gria4-456,1,99466000,1951000
Gria2,Gria4,P23819,Q9Z2W8,Interlink,1.47e-28,Gria2-782-Gria4-783,1,99466000,1951000
Gria2,Gria3,P23819,Q9Z2W9,Interlink,5.25e-15,Gria2-730-Gria3-434,1,99466000,24719000
Gria2,Gria3,P23819,Q9Z2W9,Interlink,1.29e-10,Gria2-736-Gria3-795,1,99466000,24719000
Gria2,Gria3,P23819,Q9Z2W9,Interlink,5.97e-19,Gria2-736-Gria3-802,1,99466000,24719000
Gria2,Gria3,P23819,Q9Z2W9,Interlink,2.22e-17,Gria2-677-Gria3-473,1,99466000,24719000
Gria2,Gria3,P23819,Q9Z2W9,Interlink,1.1e-12,Gria2-786-Gria3-701,1,99466000,24719000
Gria2,Gria3,P23819,Q9Z2W9,Interlink,1.35e-24,Gria2-171-Gria3-191,1,99466000,24719000
Gria2,Gria3,P23819,Q9Z2W9,Interlink,1.42e-15,Gria2-367-Gria3-191,1,99466000,24719000
Gria2,Gria3,P23819,Q9Z2W9,Interlink,2.57e-10,Gria2-430-Gria3-689,1,99466000,24719000
Gria2,Gria3,P23819,Q9Z2W9,Interlink,1.81e-12,Gria2-431-Gria3-701,1,99466000,24719000
Gria2,Gria3,P23819,Q9Z2W9,Interlink,8.82e-28,Gria2-431-Gria3-796,1,99466000,24719000
Gria2,Gria3,P23819,Q9Z2W9,Interlink,1.97e-19,Gria2-684-Gria3-458,1,99466000,24719000
Gria2,Gria3,P23819,Q9Z2W9,Interlink,9.35e-15,Gria2-684-Gria3-778,1,99466000,24719000
Gria2,Gria3,P23819,Q9Z2W9,Interlink,2.77e-18,Gria2-684-Gria3-787,1,99466000,24719000
Gria2,Gria3,P23819,Q9Z2W9,Interlink,1.19e-19,Gria2-773-Gria3-689,1,99466000,24719000
Gria2,Gria3,P23819,Q9Z2W9,Interlink,5.04e-18,Gria2-782-Gria3-689,1,99466000,24719000
Gria2,Gria3,P23819,Q9Z2W9,Interlink,6.9e-36,Gria2-782-Gria3-458,1,99466000,24719000
Gria2,Gria3,P23819,Q9Z2W9,Interlink,6.52e-21,Gria2-782-Gria3-787,1,99466000,24719000
Gria2,Gria3,P23819,Q9Z2W9,Interlink,3.17e-10,Gria2-791-Gria3-434,1,99466000,24719000
Gria2,Gria3,P23819,Q9Z2W9,Interlink,7.16e-12,Gria2-791-Gria3-701,1,99466000,24719000
Gria2,Gria3,P23819,Q9Z2W9,Interlink,1.9e-18,Gria2-802-Gria3-667,1,99466000,24719000
Gria2,Gria3,P23819,Q9Z2W9,Interlink,2.93e-17,Gria2-850-Gria3-855,1,99466000,24719000
Camk2b,Dlgap2,P28652,Q8BJ42,Interlink,3.27e-11,Camk2b-259-Dlgap2-614,1,,9648300
Camk2b,Dlgap2,P28652,Q8BJ42,Interlink,5.06e-08,Camk2b-259-Dlgap2-884,1,,9648300
Camk2b,Dlgap2,P28652,Q8BJ42,Interlink,4.78e-06,Camk2b-259-Dlgap2-556,1,,9648300
Camk2b,Dlgap2,P28652,Q8BJ42,Interlink,7e-06,Camk2b-259-Dlgap2-964,1,,9648300
Camk2b,Baiap2,P28652,Q8BKX1,Interlink,2.06e-19,Baiap2-216-Camk2b-259,1,,93296000
Camk2b,Baiap2,P28652,Q8BKX1,Interlink,5.92e-08,Baiap2-346-Camk2b-259,1,,93296000
Camk2b,Dlg2,P28652,Q91XM9,Interlink,4.89e-07,Camk2b-259-Dlg2-618,0,,70125000
Grin2a,Grin2a,P35436,P35436,Intralink,6.26e-07,Grin2a-1016-Grin2a-1047,1,5277500,5277500
Grin2a,Grin2a,P35436,P35436,Intralink,5.66e-18,Grin2a-1037-Grin2a-1047,1,5277500,5277500
Grin2a,Grin2a,P35436,P35436,Intralink,1.12e-11,Grin2a-1047-Grin2a-1107,1,5277500,5277500
Grin2a,Grin2a,P35436,P35436,Intralink,1.88e-13,Grin2a-1083-Grin2a-1096,1,5277500,5277500
Grin2a,Grin2a,P35436,P35436,Intralink,6.95e-12,Grin2a-1096-Grin2a-1107,1,5277500,5277500
Grin2a,Grin2a,P35436,P35436,Intralink,1.53e-12,Grin2a-1096-Grin2a-1109,1,5277500,5277500
Grin2a,Grin2a,P35436,P35436,Intralink,3.86e-10,Grin2a-1107-Grin2a-1116,1,5277500,5277500
Grin2a,Grin2a,P35436,P35436,Intralink,7.35e-08,Grin2a-1160-Grin2a-1185,1,5277500,5277500
Grin2a,Grin2a,P35436,P35436,Intralink,4.72e-06,Grin2a-1298-Grin2a-1314,1,5277500,5277500
Grin2a,Grin2a,P35436,P35436,Intralink,5.06e-32,Grin2a-1352-Grin2a-1355,1,5277500,5277500
Grin2a,Grin2a,P35436,P35436,Intralink,1.13e-13,Grin2a-220-Grin2a-221,1,5277500,5277500
Grin2a,Grin1,P35436,P35438,Interlink,5.52e-29,Grin1-678-Grin2a-721,1,5277500,32730000
Grin2a,Grin1,P35436,P35438,Interlink,1.83e-30,Grin1-678-Grin2a-738,1,5277500,32730000
Grin2a,Grin1,P35436,P35438,Interlink,3.6e-08,Grin1-531-Grin2a-772,1,5277500,32730000
Grin2a,Grin1,P35436,P35438,Interlink,9.33e-11,Grin1-860-Grin2a-896,1,5277500,32730000
Grin2a,Grin1,P35436,P35438,Interlink,1.57e-11,Grin1-860-Grin2a-902,1,5277500,32730000
Grin2a,Grin1,P35436,P35438,Interlink,7.85e-16,Grin1-898-Grin2a-952,1,5277500,32730000
Grin2a,Grin2b,P35436,Q01097,Interlink,7.74e-10,Grin2a-220-Grin2b-221,1,5277500,27466000
Grin2a,Grin2b,P35436,Q01097,Interlink,1.36e-07,Grin2a-220-Grin2b-222,1,5277500,27466000
Grin2a,Grin2b,P35436,Q01097,Interlink,1.18e-24,Grin2a-221-Grin2b-221,1,5277500,27466000
Grin2a,Grin2b,P35436,Q01097,Interlink,1.42e-09,Grin2a-590-Grin2b-1041,1,5277500,27466000
Grin1,Grin1,P35438,P35438,Intralink,6.49e-12,Grin1-131-Grin1-322,1,32730000,32730000
Grin1,Grin1,P35438,P35438,Intralink,5.27e-34,Grin1-193-Grin1-399,1,32730000,32730000
Grin1,Grin1,P35438,P35438,Intralink,4.6e-11,Grin1-322-Grin1-329,1,32730000,32730000
Grin1,Grin1,P35438,P35438,Intralink,8.47e-32,Grin1-543-Grin1-678,1,32730000,32730000
Grin1,Grin1,P35438,P35438,Intralink,2.25e-40,Grin1-678-Grin1-708,1,32730000,32730000
Grin1,Grin1,P35438,P35438,Intralink,7.22e-09,Grin1-860-Grin1-875,1,32730000,32730000
Grin1,Grin1,P35438,P35438,Intralink,1.23e-07,Grin1-860-Grin1-892,1,32730000,32730000
Grin1,Grin1,P35438,P35438,Intralink,1.59e-19,Grin1-892-Grin1-898,1,32730000,32730000
Grin1,Grin1,P35438,P35438,Intralink,6.79e-35,Grin1-892-Grin1-913,1,32730000,32730000
Grin1,Grin1,P35438,P35438,Intralink,4.35e-24,Grin1-898-Grin1-913,1,32730000,32730000
Grin1,Grin2b,P35438,Q01097,Interlink,7.14e-39,Grin1-678-Grin2b-722,1,32730000,27466000
Grin1,Grin2b,P35438,Q01097,Interlink,1.11e-32,Grin1-678-Grin2b-747,1,32730000,27466000
Grin1,Grin2b,P35438,Q01097,Interlink,3.65e-10,Grin1-708-Grin2b-382,1,32730000,27466000
Grin1,Grin2b,P35438,Q01097,Interlink,6.84e-11,Grin1-898-Grin2b-1021,1,32730000,27466000
Grin1,Dlg4,P35438,Q62108,Interlink,1.63e-12,Dlg4-162-Grin1-898,0,32730000,279990000
Grin1,Lrrc4c,P35438,Q8C031,Interlink,1.24e-18,Grin1-51-Lrrc4c-97,1,32730000,2351900
Grin1,Nrxn1,P35438,Q9CS84,Interlink,3.8e-20,Grin1-51-Nrxn1-917,1,32730000,
Grin1,Nrxn1,P35438,Q9CS84,Interlink,4.17e-12,Grin1-51-Nrxn1-1040,1,32730000,
Cit,Dlgap3,P49025,Q6PFD5,Interlink,5.84e-22,Cit-1603-Dlgap3-612,1,,22936000
Cit,Dlgap3,P49025,Q6PFD5,Interlink,1.82e-11,Cit-1925-Dlgap3-612,1,,22936000
Abcd3,Gria3,P55096,Q9Z2W9,Interlink,2.46e-09,Abcd3-72-Gria3-465,0,,24719000
Calm1,Dlg4,P62204,Q62108,Interlink,8.55e-15,Calm1-95-Dlg4-355,1,,279990000
Calm1,Dlgap2,P62204,Q8BJ42,Interlink,1.88e-07,Calm1-95-Dlgap2-884,0,,9648300
Calm1,Baiap2,P62204,Q8BKX1,Interlink,4.29e-18,Baiap2-216-Calm1-95,1,,93296000
Calm1,Dlg2,P62204,Q91XM9,Interlink,5.75e-12,Calm1-95-Dlg2-618,0,,70125000
Tuba4a,Dlgap4,P68368,B1AZP2,Interlink,6.92e-10,Dlgap4-949-Tuba4a-336,1,,6694300
Tuba4a,Dlgap1,P68368,Q9D415,Interlink,3.51e-22,Dlgap1-937-Tuba4a-401,1,,10589000
Tuba1a,Dlgap4,P68369,B1AZP2,Interlink,3.81e-08,Dlgap4-949-Tuba1a-336,0,,6694300
Prkcb,Gria4,P68404,Q9Z2W8,Interlink,3.63e-08,Gria4-319-Prkcb-320,0,,1951000
Dlg3,Dlg3,P70175,P70175,Intralink,2.55e-08,Dlg3-222-Dlg3-404,1,35904000,35904000
Dlg3,Dlg3,P70175,P70175,Intralink,4.27e-34,Dlg3-252-Dlg3-286,1,35904000,35904000
Dlg3,Dlg3,P70175,P70175,Intralink,8.36e-08,Dlg3-286-Dlg3-404,1,35904000,35904000
Dlg3,Dlg3,P70175,P70175,Intralink,8.35e-29,Dlg3-286-Dlg3-471,1,35904000,35904000
Dlg3,Dlg3,P70175,P70175,Intralink,2.65e-14,Dlg3-286-Dlg3-494,1,35904000,35904000
Dlg3,Dlg3,P70175,P70175,Intralink,1.66e-20,Dlg3-582-Dlg3-848,1,35904000,35904000
Dlg3,Dlg3,P70175,P70175,Intralink,1.46e-10,Dlg3-597-Dlg3-625,1,35904000,35904000
Dlg3,Dlg3,P70175,P70175,Intralink,5.69e-08,Dlg3-74-Dlg3-93,1,35904000,35904000
Dlg3,Lrrc7,P70175,Q80TE7,Interlink,3.8e-31,Dlg3-471-Lrrc7-345,1,35904000,
Dlg3,Anks1b,P70175,Q8BIZ1,Interlink,9.94e-23,Anks1b-1221-Dlg3-222,1,35904000,
Dlg3,Anks1b,P70175,Q8BIZ1,Interlink,1.16e-20,Anks1b-1247-Dlg3-222,1,35904000,
Dlg3,Dlg2,P70175,Q91XM9,Interlink,2.75e-27,Dlg2-817-Dlg3-222,1,35904000,70125000
Dlg3,Dlg2,P70175,Q91XM9,Interlink,9.28e-09,Dlg2-817-Dlg3-404,1,35904000,70125000
Dlg3,Dlg2,P70175,Q91XM9,Interlink,1e-35,Dlg2-805-Dlg3-471,1,35904000,70125000
Dlg3,Dlg2,P70175,Q91XM9,Interlink,1.06e-11,Dlg2-725-Dlg3-801,1,35904000,70125000
Dlg3,Dlg2,P70175,Q91XM9,Interlink,4.68e-11,Dlg2-817-Dlg3-848,1,35904000,70125000
Grin2b,Grin1,Q01097,P35438,Interlink,4.1e-34,Grin1-708-Grin2b-457,1,27466000,32730000
Grin2b,Grin2b,Q01097,Q01097,Intralink,4.45e-06,Grin2b-465-Grin2b-470,1,27466000,27466000
Grin2b,Grin2b,Q01097,Q01097,Intralink,2.2e-16,Grin2b-438-Grin2b-484,1,27466000,27466000
Grin2b,Grin2b,Q01097,Q01097,Intralink,2.59e-14,Grin2b-1020-Grin2b-1041,1,27466000,27466000
Grin2b,Grin2b,Q01097,Q01097,Intralink,3.46e-37,Grin2b-1021-Grin2b-1041,1,27466000,27466000
Grin2b,Grin2b,Q01097,Q01097,Intralink,7.74e-10,Grin2b-1021-Grin2b-1045,1,27466000,27466000
Grin2b,Grin2b,Q01097,Q01097,Intralink,3.14e-18,Grin2b-1031-Grin2b-1045,1,27466000,27466000
Grin2b,Grin2b,Q01097,Q01097,Intralink,2.59e-07,Grin2b-1079-Grin2b-1086,1,27466000,27466000
Grin2b,Grin2b,Q01097,Q01097,Intralink,5.43e-08,Grin2b-1126-Grin2b-1163,1,27466000,27466000
Grin2b,Grin2b,Q01097,Q01097,Intralink,1.06e-08,Grin2b-1126-Grin2b-1325,1,27466000,27466000
Grin2b,Grin2b,Q01097,Q01097,Intralink,1.23e-14,Grin2b-1156-Grin2b-1163,1,27466000,27466000
Grin2b,Grin2b,Q01097,Q01097,Intralink,8.38e-17,Grin2b-1414-Grin2b-1426,1,27466000,27466000
Grin2b,Grin2b,Q01097,Q01097,Intralink,8.61e-39,Grin2b-1426-Grin2b-1442,1,27466000,27466000
Grin2b,Grin2b,Q01097,Q01097,Homomeric-inter,2.67e-08,Grin2b-221-Grin2b-221,1,27466000,27466000
Grin2b,Akt2,Q01097,Q60823,Interlink,5.85e-06,Akt2-160-Grin2b-382,0,27466000,
Grin2b,Dlg4,Q01097,Q62108,Interlink,3.57e-14,Dlg4-556-Grin2b-1414,1,27466000,279990000
Grin2b,Dlg4,Q01097,Q62108,Interlink,4.42e-25,Dlg4-242-Grin2b-1426,1,27466000,279990000
Shisa6,Dlg4,Q3UH99,Q62108,Interlink,1.67e-07,Dlg4-242-Shisa6-340,0,,279990000
Prr7,Dlg4,Q3V0I2,Q62108,Interlink,7.41e-15,Dlg4-138-Prr7-174,1,,279990000
Shank3,Dlgap4,Q4ACU6,B1AZP2,Interlink,1.78e-10,Dlgap4-949-Shank3-474,0,,6694300
Shank3,Dlgap2,Q4ACU6,Q8BJ42,Interlink,4.2e-13,Dlgap2-884-Shank3-1506,1,,9648300
Shank3,Dlgap2,Q4ACU6,Q8BJ42,Interlink,8.06e-06,Dlgap2-884-Shank3-1528,1,,9648300
Shank3,Baiap2,Q4ACU6,Q8BKX1,Interlink,2.68e-07,Baiap2-351-Shank3-740,1,,93296000
Shank3,Baiap2,Q4ACU6,Q8BKX1,Interlink,5.49e-17,Baiap2-381-Shank3-855,1,,93296000
Iqsec2,Dlg4,Q5DU25,Q62108,Interlink,8.34e-16,Dlg4-624-Iqsec2-330,1,,279990000
Iqsec2,Dlg4,Q5DU25,Q62108,Interlink,1.94e-13,Dlg4-663-Iqsec2-903,1,,279990000
Dlg4,Dlg4,Q62108,Q62108,Intralink,6e-22,Dlg4-138-Dlg4-202,1,279990000,279990000
Dlg4,Dlg4,Q62108,Q62108,Intralink,2.36e-08,Dlg4-152-Dlg4-324,1,279990000,279990000
Dlg4,Dlg4,Q62108,Q62108,Intralink,2.25e-14,Dlg4-157-Dlg4-202,1,279990000,279990000
Dlg4,Dlg4,Q62108,Q62108,Intralink,9.38e-24,Dlg4-157-Dlg4-556,1,279990000,279990000
Dlg4,Dlg4,Q62108,Q62108,Intralink,1.67e-20,Dlg4-162-Dlg4-202,1,279990000,279990000
Dlg4,Dlg4,Q62108,Q62108,Intralink,3.58e-20,Dlg4-162-Dlg4-594,1,279990000,279990000
Dlg4,Dlg4,Q62108,Q62108,Homomeric-inter,4.34e-15,Dlg4-202-Dlg4-202,1,279990000,279990000
Dlg4,Dlg4,Q62108,Q62108,Intralink,1.24e-32,Dlg4-202-Dlg4-663,1,279990000,279990000
Dlg4,Dlg4,Q62108,Q62108,Intralink,4.61e-09,Dlg4-202-Dlg4-594,1,279990000,279990000
Dlg4,Dlg4,Q62108,Q62108,Intralink,2.04e-31,Dlg4-202-Dlg4-327,1,279990000,279990000
Dlg4,Dlg4,Q62108,Q62108,Intralink,8.13e-26,Dlg4-202-Dlg4-556,1,279990000,279990000
Dlg4,Dlg4,Q62108,Q62108,Intralink,1.93e-36,Dlg4-299-Dlg4-355,1,279990000,279990000
Dlg4,Dlg4,Q62108,Q62108,Intralink,4.1e-14,Dlg4-299-Dlg4-556,1,279990000,279990000
Dlg4,Dlg4,Q62108,Q62108,Intralink,2.62e-32,Dlg4-355-Dlg4-597,1,279990000,279990000
Dlg4,Dlg4,Q62108,Q62108,Intralink,6.52e-20,Dlg4-355-Dlg4-594,1,279990000,279990000
Dlg4,Dlg4,Q62108,Q62108,Intralink,2.6e-13,Dlg4-355-Dlg4-556,1,279990000,279990000
Dlg4,Dlg4,Q62108,Q62108,Intralink,8.23e-25,Dlg4-380-Dlg4-594,1,279990000,279990000
Dlg4,Dlg4,Q62108,Q62108,Intralink,1.27e-07,Dlg4-393-Dlg4-556,1,279990000,279990000
Dlg4,Dlg4,Q62108,Q62108,Intralink,1.7e-35,Dlg4-491-Dlg4-505,1,279990000,279990000
Dlg4,Dlg4,Q62108,Q62108,Intralink,2.18e-20,Dlg4-505-Dlg4-594,1,279990000,279990000
Dlg4,Dlg4,Q62108,Q62108,Intralink,8.14e-56,Dlg4-558-Dlg4-624,1,279990000,279990000
Dlg4,Dlg4,Q62108,Q62108,Intralink,9.46e-11,Dlg4-591-Dlg4-663,1,279990000,279990000
Dlg4,Dlg4,Q62108,Q62108,Intralink,9.34e-14,Dlg4-556-Dlg4-591,1,279990000,279990000
Dlg4,Dlg4,Q62108,Q62108,Intralink,4.31e-22,Dlg4-594-Dlg4-597,1,279990000,279990000
Dlg4,Dlg4,Q62108,Q62108,Homomeric-inter,4.75e-11,Dlg4-663-Dlg4-663,1,279990000,279990000
Dlg4,Dlg4,Q62108,Q62108,Intralink,9.12e-14,Dlg4-594-Dlg4-663,1,279990000,279990000
Dlg4,Dlg4,Q62108,Q62108,Intralink,5.69e-21,Dlg4-556-Dlg4-663,1,279990000,279990000
Dlg4,Dlg4,Q62108,Q62108,Intralink,1.59e-30,Dlg4-556-Dlg4-594,1,279990000,279990000
Dlg4,Dlg4,Q62108,Q62108,Intralink,2.34e-10,Dlg4-594-Dlg4-751,1,279990000,279990000
Dlg4,Dlgap3,Q62108,Q6PFD5,Interlink,1.53e-15,Dlg4-663-Dlgap3-357,1,279990000,22936000
Dlg4,Lrsam1,Q62108,Q80ZI6,Interlink,4.63e-07,Dlg4-202-Lrsam1-559,0,279990000,
Dlg4,Dlg1,Q62108,Q811D0,Interlink,2.79e-34,Dlg1-533-Dlg4-594,1,279990000,13411000
Dlg4,Dlg1,Q62108,Q811D0,Interlink,3.05e-38,Dlg1-361-Dlg4-327,1,279990000,13411000
Dlg4,Dlg1,Q62108,Q811D0,Interlink,4.43e-11,Dlg1-452-Dlg4-556,1,279990000,13411000
Dlg4,Anks1b,Q62108,Q8BIZ1,Interlink,1.91e-20,Anks1b-1114-Dlg4-138,1,279990000,
Dlg4,Anks1b,Q62108,Q8BIZ1,Interlink,1.04e-10,Anks1b-1221-Dlg4-138,1,279990000,
Dlg4,Anks1b,Q62108,Q8BIZ1,Interlink,1.65e-22,Anks1b-1221-Dlg4-663,1,279990000,
Dlg4,Baiap2,Q62108,Q8BKX1,Interlink,3.52e-08,Baiap2-346-Dlg4-157,1,279990000,93296000
Dlg4,Baiap2,Q62108,Q8BKX1,Interlink,1.34e-08,Baiap2-216-Dlg4-162,1,279990000,93296000
Dlg4,Baiap2,Q62108,Q8BKX1,Interlink,8.91e-10,Baiap2-346-Dlg4-162,1,279990000,93296000
Dlg4,Baiap2,Q62108,Q8BKX1,Interlink,8.94e-08,Baiap2-346-Dlg4-242,1,279990000,93296000
Dlg4,Baiap2,Q62108,Q8BKX1,Interlink,2.81e-14,Baiap2-381-Dlg4-594,1,279990000,93296000
Dlg4,Dlg2,Q62108,Q91XM9,Interlink,5.72e-09,Dlg2-235-Dlg4-152,1,279990000,70125000
Dlg4,Dlg2,Q62108,Q91XM9,Interlink,1.61e-14,Dlg2-235-Dlg4-162,1,279990000,70125000
Dlg4,Dlg2,Q62108,Q91XM9,Interlink,6.5e-17,Dlg2-235-Dlg4-202,1,279990000,70125000
Dlg4,Dlg2,Q62108,Q91XM9,Interlink,6.92e-07,Dlg2-357-Dlg4-663,1,279990000,70125000
Dlg4,Dlg2,Q62108,Q91XM9,Interlink,1.04e-05,Dlg2-421-Dlg4-663,1,279990000,70125000
Dlg4,Dlg2,Q62108,Q91XM9,Interlink,2.95e-10,Dlg2-618-Dlg4-663,1,279990000,70125000
Dlg4,Dlg2,Q62108,Q91XM9,Interlink,4.74e-16,Dlg2-817-Dlg4-594,1,279990000,70125000
Dlg4,Dlg2,Q62108,Q91XM9,Interlink,1.83e-28,Dlg2-235-Dlg4-327,1,279990000,70125000
Dlg4,Dlg2,Q62108,Q91XM9,Interlink,4.09e-11,Dlg2-618-Dlg4-751,1,279990000,70125000
Dlg4,Dlgap1,Q62108,Q9D415,Interlink,1.33e-23,Dlg4-624-Dlgap1-439,1,279990000,10589000
Dlg4,Dlgap1,Q62108,Q9D415,Interlink,2.42e-11,Dlg4-663-Dlgap1-339,1,279990000,10589000
Dlg4,Dlgap1,Q62108,Q9D415,Interlink,8.67e-25,Dlg4-663-Dlgap1-439,1,279990000,10589000
Dlg4,Cacng3,Q62108,Q9JJV5,Interlink,2.05e-31,Cacng3-300-Dlg4-138,1,279990000,39778000
Dlg4,Cacng3,Q62108,Q9JJV5,Interlink,6.73e-20,Cacng3-300-Dlg4-242,1,279990000,39778000
Dlg4,Adam22,Q62108,Q9R1V6,Interlink,1.29e-05,Adam22-890-Dlg4-556,0,279990000,
Nptx1,Gria3,Q62443,Q9Z2W9,Interlink,7.48e-11,Gria3-293-Nptx1-302,0,,24719000
Dlgap3,Dlgap3,Q6PFD5,Q6PFD5,Intralink,1.1e-17,Dlgap3-191-Dlgap3-198,1,22936000,22936000
Dlgap3,Dlgap3,Q6PFD5,Q6PFD5,Intralink,3.68e-09,Dlgap3-300-Dlgap3-357,1,22936000,22936000
Dlgap3,Dlgap3,Q6PFD5,Q6PFD5,Intralink,1.17e-35,Dlgap3-806-Dlgap3-895,1,22936000,22936000
Atp1a3,Gria3,Q6PIC6,Q9Z2W9,Interlink,3.05e-20,Atp1a3-434-Gria3-861,1,,24719000
Atp1a2,Dlg2,Q6PIE5,Q91XM9,Interlink,6.41e-11,Atp1a2-561-Dlg2-297,0,,70125000
Tppp,Gria3,Q7TQD2,Q9Z2W9,Interlink,5.02e-10,Gria3-191-Tppp-184,0,,24719000
Shank2,Baiap2,Q80Z38,Q8BKX1,Interlink,5.33e-11,Baiap2-351-Shank2-423,1,,93296000
Shank2,Baiap2,Q80Z38,Q8BKX1,Interlink,2.27e-23,Baiap2-40-Shank2-546,1,,93296000
Shank2,Baiap2,Q80Z38,Q8BKX1,Interlink,7.27e-39,Baiap2-40-Shank2-557,1,,93296000
Shank2,Baiap2,Q80Z38,Q8BKX1,Interlink,1.06e-07,Baiap2-171-Shank2-574,1,,93296000
Shank2,Baiap2,Q80Z38,Q8BKX1,Interlink,5.37e-12,Baiap2-122-Shank2-620,1,,93296000
Shank2,Baiap2,Q80Z38,Q8BKX1,Interlink,3.59e-12,Baiap2-122-Shank2-624,1,,93296000
Shank2,Baiap2,Q80Z38,Q8BKX1,Interlink,2.16e-24,Baiap2-200-Shank2-624,1,,93296000
Shank2,Baiap2,Q80Z38,Q8BKX1,Interlink,7.54e-29,Baiap2-206-Shank2-624,1,,93296000
Shank2,Baiap2,Q80Z38,Q8BKX1,Interlink,9.3e-17,Baiap2-276-Shank2-624,1,,93296000
Shank2,Baiap2,Q80Z38,Q8BKX1,Interlink,3.96e-18,Baiap2-40-Shank2-624,1,,93296000
Shank2,Baiap2,Q80Z38,Q8BKX1,Interlink,1.15e-09,Baiap2-216-Shank2-631,1,,93296000
Shank2,Dlgap1,Q80Z38,Q9D415,Interlink,1.73e-13,Dlgap1-860-Shank2-549,1,,10589000
Dlg1,Dlg1,Q811D0,Q811D0,Intralink,3.16e-08,Dlg1-311-Dlg1-364,1,13411000,13411000
Dlg1,Dlg1,Q811D0,Q811D0,Intralink,3.42e-23,Dlg1-316-Dlg1-364,1,13411000,13411000
Dlg1,Dlg1,Q811D0,Q811D0,Intralink,2.08e-15,Dlg1-316-Dlg1-401,1,13411000,13411000
Dlg1,Dlg1,Q811D0,Q811D0,Intralink,2.19e-21,Dlg1-321-Dlg1-361,1,13411000,13411000
Dlg1,Dlg1,Q811D0,Q811D0,Intralink,3.72e-18,Dlg1-321-Dlg1-364,1,13411000,13411000
Dlg1,Dlg1,Q811D0,Q811D0,Intralink,5.08e-11,Dlg1-321-Dlg1-401,1,13411000,13411000
Dlg1,Dlg1,Q811D0,Q811D0,Intralink,2.2e-13,Dlg1-364-Dlg1-401,1,13411000,13411000
Dlg1,Dlg1,Q811D0,Q811D0,Intralink,2.73e-10,Dlg1-452-Dlg1-466,1,13411000,13411000
Dlg1,Dlg1,Q811D0,Q811D0,Intralink,7.78e-06,Dlg1-596-Dlg1-663,1,13411000,13411000
Dlg1,Dlg1,Q811D0,Q811D0,Intralink,3.69e-24,Dlg1-596-Dlg1-832,1,13411000,13411000
Dlg1,Dlg1,Q811D0,Q811D0,Intralink,1.75e-10,Dlg1-659-Dlg1-668,1,13411000,13411000
Dlg1,Dlg1,Q811D0,Q811D0,Intralink,5.38e-07,Dlg1-659-Dlg1-678,1,13411000,13411000
Dlg1,Dlg1,Q811D0,Q811D0,Intralink,7.99e-11,Dlg1-663-Dlg1-668,1,13411000,13411000
Dlg1,Dlg1,Q811D0,Q811D0,Intralink,8.47e-10,Dlg1-663-Dlg1-678,1,13411000,13411000
Dlg1,Dlg1,Q811D0,Q811D0,Intralink,1.02e-08,Dlg1-663-Dlg1-681,1,13411000,13411000
Znf365,Baiap2,Q8BG89,Q8BKX1,Interlink,1.28e-05,Baiap2-206-Znf365-186,0,,93296000
Dlgap2,Dlgap2,Q8BJ42,Q8BJ42,Intralink,3.01e-08,Dlgap2-1002-Dlgap2-1011,1,9648300,9648300
Dlgap2,Dlgap2,Q8BJ42,Q8BJ42,Intralink,2.89e-09,Dlgap2-1004-Dlgap2-1011,1,9648300,9648300
Dlgap2,Dlgap2,Q8BJ42,Q8BJ42,Intralink,4.97e-11,Dlgap2-909-Dlgap2-1011,1,9648300,9648300
Dlgap2,Dlgap2,Q8BJ42,Q8BJ42,Intralink,1.05e-07,Dlgap2-964-Dlgap2-1011,1,9648300,9648300
Dlgap2,Dlgap2,Q8BJ42,Q8BJ42,Intralink,2.85e-09,Dlgap2-383-Dlgap2-388,1,9648300,9648300
Dlgap2,Dlgap2,Q8BJ42,Q8BJ42,Intralink,1.68e-11,Dlgap2-675-Dlgap2-703,1,9648300,9648300
Dlgap2,Dlgap2,Q8BJ42,Q8BJ42,Intralink,1.18e-18,Dlgap2-703-Dlgap2-715,1,9648300,9648300
Dlgap2,Dlgap2,Q8BJ42,Q8BJ42,Intralink,2.89e-15,Dlgap2-709-Dlgap2-766,1,9648300,9648300
Dlgap2,Dlgap2,Q8BJ42,Q8BJ42,Intralink,3.07e-23,Dlgap2-715-Dlgap2-766,1,9648300,9648300
Dlgap2,Dlgap2,Q8BJ42,Q8BJ42,Intralink,4.78e-19,Dlgap2-884-Dlgap2-891,1,9648300,9648300
Dlgap2,Dlgap2,Q8BJ42,Q8BJ42,Intralink,2.95e-07,Dlgap2-909-Dlgap2-991,1,9648300,9648300
Dlgap2,Dlgap2,Q8BJ42,Q8BJ42,Intralink,1.55e-08,Dlgap2-909-Dlgap2-964,1,9648300,9648300
Dlgap2,Dlgap1,Q8BJ42,Q9D415,Interlink,3.92e-08,Dlgap1-933-Dlgap2-964,1,9648300,10589000
Dlgap2,Dlgap1,Q8BJ42,Q9D415,Interlink,1.43e-10,Dlgap1-937-Dlgap2-964,1,9648300,10589000
Baiap2,Baiap2,Q8BKX1,Q8BKX1,Intralink,1.45e-10,Baiap2-108-Baiap2-122,1,93296000,93296000
Baiap2,Baiap2,Q8BKX1,Q8BKX1,Intralink,4.28e-13,Baiap2-108-Baiap2-318,1,93296000,93296000
Baiap2,Baiap2,Q8BKX1,Q8BKX1,Intralink,1.93e-26,Baiap2-18-Baiap2-121,1,93296000,93296000
Baiap2,Baiap2,Q8BKX1,Q8BKX1,Intralink,4.91e-08,Baiap2-121-Baiap2-323,1,93296000,93296000
Baiap2,Baiap2,Q8BKX1,Q8BKX1,Intralink,3.36e-19,Baiap2-121-Baiap2-351,1,93296000,93296000
Baiap2,Baiap2,Q8BKX1,Q8BKX1,Intralink,1.58e-13,Baiap2-121-Baiap2-360,1,93296000,93296000
Baiap2,Baiap2,Q8BKX1,Q8BKX1,Intralink,6.27e-31,Baiap2-121-Baiap2-381,1,93296000,93296000
Baiap2,Baiap2,Q8BKX1,Q8BKX1,Intralink,2.37e-13,Baiap2-122-Baiap2-130,1,93296000,93296000
Baiap2,Baiap2,Q8BKX1,Q8BKX1,Intralink,2.36e-08,Baiap2-122-Baiap2-351,1,93296000,93296000
Baiap2,Baiap2,Q8BKX1,Q8BKX1,Intralink,2.12e-12,Baiap2-130-Baiap2-171,1,93296000,93296000
Baiap2,Baiap2,Q8BKX1,Q8BKX1,Intralink,4.13e-39,Baiap2-136-Baiap2-160,1,93296000,93296000
Baiap2,Baiap2,Q8BKX1,Q8BKX1,Intralink,5.7e-35,Baiap2-136-Baiap2-171,1,93296000,93296000
Baiap2,Baiap2,Q8BKX1,Q8BKX1,Intralink,6.92e-16,Baiap2-142-Baiap2-152,1,93296000,93296000
Baiap2,Baiap2,Q8BKX1,Q8BKX1,Intralink,7.36e-06,Baiap2-147-Baiap2-156,1,93296000,93296000
Baiap2,Baiap2,Q8BKX1,Q8BKX1,Intralink,2.36e-08,Baiap2-147-Baiap2-160,1,93296000,93296000
Baiap2,Baiap2,Q8BKX1,Q8BKX1,Intralink,2.46e-14,Baiap2-152-Baiap2-160,1,93296000,93296000
Baiap2,Baiap2,Q8BKX1,Q8BKX1,Intralink,1.47e-08,Baiap2-156-Baiap2-276,1,93296000,93296000
Baiap2,Baiap2,Q8BKX1,Q8BKX1,Intralink,3.66e-24,Baiap2-206-Baiap2-216,1,93296000,93296000
Baiap2,Baiap2,Q8BKX1,Q8BKX1,Intralink,2.22e-23,Baiap2-214-Baiap2-216,1,93296000,93296000
Baiap2,Baiap2,Q8BKX1,Q8BKX1,Intralink,2.89e-25,Baiap2-214-Baiap2-222,1,93296000,93296000
Baiap2,Baiap2,Q8BKX1,Q8BKX1,Intralink,1.4e-14,Baiap2-216-Baiap2-276,1,93296000,93296000
Baiap2,Baiap2,Q8BKX1,Q8BKX1,Intralink,2.63e-09,Baiap2-216-Baiap2-323,1,93296000,93296000
Baiap2,Baiap2,Q8BKX1,Q8BKX1,Intralink,8.6e-06,Baiap2-216-Baiap2-346,1,93296000,93296000
Baiap2,Baiap2,Q8BKX1,Q8BKX1,Intralink,5.55e-07,Baiap2-216-Baiap2-360,1,93296000,93296000
Baiap2,Baiap2,Q8BKX1,Q8BKX1,Intralink,4.58e-18,Baiap2-216-Baiap2-381,1,93296000,93296000
Baiap2,Baiap2,Q8BKX1,Q8BKX1,Intralink,5.07e-17,Baiap2-216-Baiap2-462,1,93296000,93296000
Baiap2,Baiap2,Q8BKX1,Q8BKX1,Intralink,7.75e-07,Baiap2-222-Baiap2-346,1,93296000,93296000
Baiap2,Baiap2,Q8BKX1,Q8BKX1,Intralink,1.63e-21,Baiap2-276-Baiap2-323,1,93296000,93296000
Baiap2,Baiap2,Q8BKX1,Q8BKX1,Intralink,1.38e-06,Baiap2-276-Baiap2-346,1,93296000,93296000
Baiap2,Baiap2,Q8BKX1,Q8BKX1,Intralink,3.22e-24,Baiap2-276-Baiap2-351,1,93296000,93296000
Baiap2,Baiap2,Q8BKX1,Q8BKX1,Intralink,7.99e-26,Baiap2-276-Baiap2-360,1,93296000,93296000
Baiap2,Baiap2,Q8BKX1,Q8BKX1,Intralink,7.68e-37,Baiap2-40-Baiap2-276,1,93296000,93296000
Baiap2,Baiap2,Q8BKX1,Q8BKX1,Intralink,2.38e-06,Baiap2-318-Baiap2-333,1,93296000,93296000
Baiap2,Baiap2,Q8BKX1,Q8BKX1,Intralink,1.48e-08,Baiap2-318-Baiap2-351,1,93296000,93296000
Baiap2,Baiap2,Q8BKX1,Q8BKX1,Intralink,1.26e-09,Baiap2-318-Baiap2-360,1,93296000,93296000
Baiap2,Baiap2,Q8BKX1,Q8BKX1,Intralink,4.43e-08,Baiap2-318-Baiap2-421,1,93296000,93296000
Baiap2,Baiap2,Q8BKX1,Q8BKX1,Intralink,6.71e-23,Baiap2-323-Baiap2-351,1,93296000,93296000
Baiap2,Baiap2,Q8BKX1,Q8BKX1,Intralink,1.96e-19,Baiap2-323-Baiap2-381,1,93296000,93296000
Baiap2,Baiap2,Q8BKX1,Q8BKX1,Intralink,2.18e-15,Baiap2-40-Baiap2-323,1,93296000,93296000
Baiap2,Baiap2,Q8BKX1,Q8BKX1,Intralink,1.37e-12,Baiap2-333-Baiap2-346,1,93296000,93296000
Baiap2,Baiap2,Q8BKX1,Q8BKX1,Intralink,2.07e-14,Baiap2-346-Baiap2-360,1,93296000,93296000
Baiap2,Baiap2,Q8BKX1,Q8BKX1,Intralink,4.23e-09,Baiap2-346-Baiap2-381,1,93296000,93296000
Baiap2,Baiap2,Q8BKX1,Q8BKX1,Intralink,1.4e-12,Baiap2-40-Baiap2-346,1,93296000,93296000
Baiap2,Baiap2,Q8BKX1,Q8BKX1,Intralink,9.99e-34,Baiap2-351-Baiap2-381,1,93296000,93296000
Baiap2,Baiap2,Q8BKX1,Q8BKX1,Intralink,1.5e-13,Baiap2-40-Baiap2-351,1,93296000,93296000
Baiap2,Baiap2,Q8BKX1,Q8BKX1,Intralink,1.38e-12,Baiap2-351-Baiap2-421,1,93296000,93296000
Baiap2,Baiap2,Q8BKX1,Q8BKX1,Intralink,2.77e-45,Baiap2-360-Baiap2-381,1,93296000,93296000
Baiap2,Baiap2,Q8BKX1,Q8BKX1,Intralink,1.49e-32,Baiap2-360-Baiap2-421,1,93296000,93296000
Baiap2,Baiap2,Q8BKX1,Q8BKX1,Intralink,2.77e-36,Baiap2-381-Baiap2-421,1,93296000,93296000
Baiap2,Baiap2,Q8BKX1,Q8BKX1,Intralink,1.09e-27,Baiap2-381-Baiap2-452,1,93296000,93296000
Baiap2,Baiap2,Q8BKX1,Q8BKX1,Intralink,2.26e-35,Baiap2-381-Baiap2-462,1,93296000,93296000
Baiap2,Baiap2,Q8BKX1,Q8BKX1,Intralink,2e-23,Baiap2-381-Baiap2-488,1,93296000,93296000
Baiap2,Baiap2,Q8BKX1,Q8BKX1,Homomeric-inter,1.38e-15,Baiap2-40-Baiap2-40,1,93296000,93296000
Dock1,Gria3,Q8BUR4,Q9Z2W9,Interlink,8.48e-06,Dock1-1408-Gria3-191,0,,24719000
Shisa7,Gria3,Q8C3Q5,Q9Z2W9,Interlink,5.8e-12,Gria3-861-Shisa7-267,0,,24719000
Immt,Gria4,Q8CAQ8,Q9Z2W8,Interlink,4.82e-08,Gria4-774-Immt-122,0,,1951000
Hs2st1,Gria3,Q8R3H7,Q9Z2W9,Interlink,4.66e-06,Gria3-689-Hs2st1-40,0,,24719000
Cacng8,Gria3,Q8VHW2,Q9Z2W9,Interlink,2.2e-16,Cacng8-243-Gria3-855,1,50702000,24719000
Cacng8,Gria3,Q8VHW2,Q9Z2W9,Interlink,2.67e-45,Cacng8-243-Gria3-861,1,50702000,24719000
Dlg2,Dlg1,Q91XM9,Q811D0,Interlink,5.03e-13,Dlg1-321-Dlg2-817,1,70125000,13411000
Dlg2,Dlg1,Q91XM9,Q811D0,Interlink,2.09e-12,Dlg1-659-Dlg2-817,1,70125000,13411000
Dlg2,Dlg1,Q91XM9,Q811D0,Interlink,4.75e-10,Dlg1-663-Dlg2-817,1,70125000,13411000
Dlg2,Dlg1,Q91XM9,Q811D0,Interlink,5.6e-20,Dlg1-668-Dlg2-817,1,70125000,13411000
Dlg2,Dlg1,Q91XM9,Q811D0,Interlink,8.13e-35,Dlg1-681-Dlg2-817,1,70125000,13411000
Dlg2,Dlg1,Q91XM9,Q811D0,Interlink,1.77e-28,Dlg1-902-Dlg2-817,1,70125000,13411000
Dlg2,Dlg1,Q91XM9,Q811D0,Interlink,1.06e-05,Dlg1-466-Dlg2-297,1,70125000,13411000
Dlg2,Anks1b,Q91XM9,Q8BIZ1,Interlink,3.4e-21,Anks1b-1221-Dlg2-297,1,70125000,
Dlg2,Dlgap2,Q91XM9,Q8BJ42,Interlink,1.35e-26,Dlg2-817-Dlgap2-614,1,70125000,9648300
Dlg2,Baiap2,Q91XM9,Q8BKX1,Interlink,3.04e-12,Baiap2-381-Dlg2-297,0,70125000,93296000
Dlg2,Ablim1,Q91XM9,Q8K4G5,Interlink,1.97e-11,Ablim1-116-Dlg2-297,0,70125000,
Dlg2,Dlg2,Q91XM9,Q91XM9,Intralink,7.18e-34,Dlg2-686-Dlg2-805,1,70125000,70125000
Dlg2,Dlg2,Q91XM9,Q91XM9,Intralink,1.98e-20,Dlg2-618-Dlg2-817,1,70125000,70125000
Dlg2,Dlg2,Q91XM9,Q91XM9,Intralink,2.16e-46,Dlg2-639-Dlg2-817,1,70125000,70125000
Dlg2,Dlg2,Q91XM9,Q91XM9,Intralink,6.12e-33,Dlg2-817-Dlg2-849,1,70125000,70125000
Dlg2,Dlg2,Q91XM9,Q91XM9,Intralink,3.71e-06,Dlg2-165-Dlg2-421,1,70125000,70125000
Dlg2,Dlg2,Q91XM9,Q91XM9,Intralink,6.71e-10,Dlg2-235-Dlg2-357,1,70125000,70125000
Dlg2,Dlg2,Q91XM9,Q91XM9,Intralink,7.1e-06,Dlg2-357-Dlg2-421,1,70125000,70125000
Dlg2,Dlg2,Q91XM9,Q91XM9,Intralink,9.58e-08,Dlg2-421-Dlg2-618,1,70125000,70125000
Dlg2,Dlg2,Q91XM9,Q91XM9,Intralink,6.54e-07,Dlg2-549-Dlg2-618,1,70125000,70125000
Dlg2,Dlg2,Q91XM9,Q91XM9,Intralink,2.13e-31,Dlg2-551-Dlg2-625,1,70125000,70125000
Dlg2,Dlg2,Q91XM9,Q91XM9,Intralink,3.66e-11,Dlg2-551-Dlg2-639,1,70125000,70125000
Dlg2,Dlg2,Q91XM9,Q91XM9,Intralink,1.88e-21,Dlg2-551-Dlg2-779,1,70125000,70125000
Dlg2,Dlg2,Q91XM9,Q91XM9,Intralink,7.62e-29,Dlg2-551-Dlg2-781,1,70125000,70125000
Dlg2,Dlg2,Q91XM9,Q91XM9,Intralink,3.14e-06,Dlg2-614-Dlg2-625,1,70125000,70125000
Dlg2,Dlg2,Q91XM9,Q91XM9,Intralink,3.35e-06,Dlg2-614-Dlg2-639,1,70125000,70125000
Dlg2,Dlg2,Q91XM9,Q91XM9,Intralink,5.3e-28,Dlg2-614-Dlg2-799,1,70125000,70125000
Dlg2,Dlg2,Q91XM9,Q91XM9,Intralink,1.48e-07,Dlg2-618-Dlg2-625,1,70125000,70125000
Dlg2,Dlg2,Q91XM9,Q91XM9,Intralink,2.46e-20,Dlg2-618-Dlg2-639,1,70125000,70125000
Dlg2,Dlg2,Q91XM9,Q91XM9,Intralink,8.26e-25,Dlg2-618-Dlg2-791,1,70125000,70125000
Dlg2,Dlg2,Q91XM9,Q91XM9,Intralink,1.45e-28,Dlg2-618-Dlg2-799,1,70125000,70125000
Dlg2,Dlg2,Q91XM9,Q91XM9,Intralink,3.17e-33,Dlg2-625-Dlg2-799,1,70125000,70125000
Dlg2,Dlg2,Q91XM9,Q91XM9,Intralink,2.9e-23,Dlg2-639-Dlg2-779,1,70125000,70125000
Dlg2,Dlg2,Q91XM9,Q91XM9,Intralink,9.6e-06,Dlg2-639-Dlg2-799,1,70125000,70125000
Dlg2,Dlg2,Q91XM9,Q91XM9,Intralink,3.46e-11,Dlg2-791-Dlg2-799,1,70125000,70125000
Dlg2,Gtf2i,Q91XM9,Q9ESZ8,Interlink,1.95e-11,Dlg2-817-Gtf2i-193,0,70125000,
Dlg2,Mink1,Q91XM9,Q9JM52,Interlink,2.01e-18,Dlg2-817-Mink1-782,1,70125000,
Dlg2,Adam22,Q91XM9,Q9R1V6,Interlink,3.84e-30,Adam22-890-Dlg2-817,1,70125000,
Dynll2,Dlgap1,Q9D0M5,Q9D415,Interlink,3.77e-06,Dlgap1-684-Dynll2-44,0,,10589000
Dlgap1,Dlgap1,Q9D415,Q9D415,Intralink,2.23e-23,Dlgap1-124-Dlgap1-151,1,10589000,10589000
Dlgap1,Dlgap1,Q9D415,Q9D415,Intralink,6.18e-12,Dlgap1-95-Dlgap1-124,1,10589000,10589000
Dlgap1,Dlgap1,Q9D415,Q9D415,Intralink,8.59e-06,Dlgap1-374-Dlgap1-384,1,10589000,10589000
Dlgap1,Dlgap1,Q9D415,Q9D415,Intralink,7.33e-12,Dlgap1-95-Dlgap1-405,1,10589000,10589000
Dlgap1,Dlgap1,Q9D415,Q9D415,Intralink,1.01e-17,Dlgap1-439-Dlgap1-506,1,10589000,10589000
Dlgap1,Dlgap1,Q9D415,Q9D415,Intralink,2.1e-12,Dlgap1-684-Dlgap1-813,1,10589000,10589000
Dlgap1,Dlgap1,Q9D415,Q9D415,Intralink,2.57e-09,Dlgap1-82-Dlgap1-95,1,10589000,10589000
Dlgap1,Dlgap1,Q9D415,Q9D415,Intralink,6.52e-25,Dlgap1-845-Dlgap1-915,1,10589000,10589000
Dlgap1,Dlgap1,Q9D415,Q9D415,Intralink,1.32e-16,Dlgap1-845-Dlgap1-922,1,10589000,10589000
Cacng3,Gria3,Q9JJV5,Q9Z2W9,Interlink,1.56e-13,Cacng3-217-Gria3-855,1,39778000,24719000
Cacng3,Gria3,Q9JJV5,Q9Z2W9,Interlink,7.21e-19,Cacng3-217-Gria3-861,1,39778000,24719000
Gria4,Gria4,Q9Z2W8,Q9Z2W8,Intralink,7.8e-34,Gria4-442-Gria4-463,1,1951000,1951000
Gria4,Gria4,Q9Z2W8,Q9Z2W8,Intralink,1.16e-31,Gria4-456-Gria4-783,1,1951000,1951000
Gria4,Gria4,Q9Z2W8,Q9Z2W8,Homomeric-inter,8.05e-12,Gria4-783-Gria4-783,1,1951000,1951000
Gria4,Gria3,Q9Z2W8,Q9Z2W9,Interlink,2.96e-21,Gria3-689-Gria4-774,1,1951000,24719000
Gria4,Gria3,Q9Z2W8,Q9Z2W9,Interlink,8.26e-21,Gria3-689-Gria4-783,1,1951000,24719000
Gria3,Gria3,Q9Z2W9,Q9Z2W9,Intralink,8.27e-09,Gria3-689-Gria3-778,1,24719000,24719000
Gria3,Gria3,Q9Z2W9,Q9Z2W9,Intralink,2.7e-11,Gria3-689-Gria3-787,1,24719000,24719000
Gria3,Gria3,Q9Z2W9,Q9Z2W9,Homomeric-inter,7.76e-20,Gria3-191-Gria3-191,1,24719000,24719000
Gria3,Gria3,Q9Z2W9,Q9Z2W9,Intralink,5.59e-19,Gria3-232-Gria3-465,1,24719000,24719000
Gria3,Gria3,Q9Z2W9,Q9Z2W9,Intralink,3.64e-15,Gria3-293-Gria3-465,1,24719000,24719000
Gria3,Gria3,Q9Z2W9,Q9Z2W9,Intralink,2.26e-22,Gria3-434-Gria3-796,1,24719000,24719000
Gria3,Gria3,Q9Z2W9,Q9Z2W9,Intralink,1.51e-23,Gria3-458-Gria3-465,1,24719000,24719000
Gria3,Gria3,Q9Z2W9,Q9Z2W9,Intralink,6.59e-41,Gria3-458-Gria3-787,1,24719000,24719000
Gria3,Gria3,Q9Z2W9,Q9Z2W9,Intralink,1.25e-29,Gria3-473-Gria3-710,1,24719000,24719000
Gria3,Gria3,Q9Z2W9,Q9Z2W9,Intralink,1.59e-24,Gria3-787-Gria3-796,1,24719000,24719000
Gria3,Gria3,Q9Z2W9,Q9Z2W9,Intralink,1.76e-15,Gria3-787-Gria3-802,1,24719000,24719000
Gria3,Gria3,Q9Z2W9,Q9Z2W9,Intralink,7.9e-16,Gria3-855-Gria3-861,1,24719000,24719000
